dataset,subject_id,relpath,label,split,protocol
ami,000,000_up_ear.jpg,0,test,image_disjoint
ami,000,000_back_ear.jpg,0,train,image_disjoint
ami,000,000_down_ear.jpg,0,train,image_disjoint
ami,000,000_front_ear.jpg,0,train,image_disjoint
ami,000,000_left_ear.jpg,0,train,image_disjoint
ami,000,000_right_ear.jpg,0,train,image_disjoint
ami,000,000_zoom_ear.jpg,0,val,image_disjoint
ami,001,001_up_ear.jpg,1,test,image_disjoint
ami,001,001_down_ear.jpg,1,train,image_disjoint
ami,001,001_front_ear.jpg,1,train,image_disjoint
ami,001,001_left_ear.jpg,1,train,image_disjoint
ami,001,001_right_ear.jpg,1,train,image_disjoint
ami,001,001_zoom_ear.jpg,1,train,image_disjoint
ami,001,001_back_ear.jpg,1,val,image_disjoint
ami,002,002_right_ear.jpg,2,test,image_disjoint
ami,002,002_back_ear.jpg,2,train,image_disjoint
ami,002,002_down_ear.jpg,2,train,image_disjoint
ami,002,002_front_ear.jpg,2,train,image_disjoint
ami,002,002_left_ear.jpg,2,train,image_disjoint
ami,002,002_zoom_ear.jpg,2,train,image_disjoint
ami,002,002_up_ear.jpg,2,val,image_disjoint
ami,003,003_front_ear.jpg,3,test,image_disjoint
ami,003,003_back_ear.jpg,3,train,image_disjoint
ami,003,003_down_ear.jpg,3,train,image_disjoint
ami,003,003_left_ear.jpg,3,train,image_disjoint
ami,003,003_right_ear.jpg,3,train,image_disjoint
ami,003,003_zoom_ear.jpg,3,train,image_disjoint
ami,003,003_up_ear.jpg,3,val,image_disjoint
ami,004,004_front_ear.jpg,4,test,image_disjoint
ami,004,004_back_ear.jpg,4,train,image_disjoint
ami,004,004_down_ear.jpg,4,train,image_disjoint
ami,004,004_left_ear.jpg,4,train,image_disjoint
ami,004,004_up_ear.jpg,4,train,image_disjoint
ami,004,004_zoom_ear.jpg,4,train,image_disjoint
ami,004,004_right_ear.jpg,4,val,image_disjoint
ami,005,005_front_ear.jpg,5,test,image_disjoint
ami,005,005_back_ear.jpg,5,train,image_disjoint
ami,005,005_down_ear.jpg,5,train,image_disjoint
ami,005,005_left_ear.jpg,5,train,image_disjoint
ami,005,005_right_ear.jpg,5,train,image_disjoint
ami,005,005_up_ear.jpg,5,train,image_disjoint
ami,005,005_zoom_ear.jpg,5,val,image_disjoint
ami,007,007_zoom_ear.jpg,6,test,image_disjoint
ami,007,007_back_ear.jpg,6,train,image_disjoint
ami,007,007_down_ear.jpg,6,train,image_disjoint
ami,007,007_front_ear.jpg,6,train,image_disjoint
ami,007,007_right_ear.jpg,6,train,image_disjoint
ami,007,007_up_ear.jpg,6,train,image_disjoint
ami,007,007_left_ear.jpg,6,val,image_disjoint
ami,008,008_back_ear.jpg,7,test,image_disjoint
ami,008,008_down_ear.jpg,7,train,image_disjoint
ami,008,008_front_ear.jpg,7,train,image_disjoint
ami,008,008_left_ear.jpg,7,train,image_disjoint
ami,008,008_right_ear.jpg,7,train,image_disjoint
ami,008,008_up_ear.jpg,7,train,image_disjoint
ami,008,008_zoom_ear.jpg,7,val,image_disjoint
ami,009,009_left_ear.jpg,8,test,image_disjoint
ami,009,009_back_ear.jpg,8,train,image_disjoint
ami,009,009_down_ear.jpg,8,train,image_disjoint
ami,009,009_front_ear.jpg,8,train,image_disjoint
ami,009,009_right_ear.jpg,8,train,image_disjoint
ami,009,009_up_ear.jpg,8,train,image_disjoint
ami,009,009_zoom_ear.jpg,8,val,image_disjoint
ami,010,010_down_ear.jpg,9,test,image_disjoint
ami,010,010_back_ear.jpg,9,train,image_disjoint
ami,010,010_front_ear.jpg,9,train,image_disjoint
ami,010,010_left_ear.jpg,9,train,image_disjoint
ami,010,010_up_ear.jpg,9,train,image_disjoint
ami,010,010_zoom_ear.jpg,9,train,image_disjoint
ami,010,010_right_ear.jpg,9,val,image_disjoint
ami,011,011_right_ear.jpg,10,test,image_disjoint
ami,011,011_back_ear.jpg,10,train,image_disjoint
ami,011,011_down_ear.jpg,10,train,image_disjoint
ami,011,011_left_ear.jpg,10,train,image_disjoint
ami,011,011_up_ear.jpg,10,train,image_disjoint
ami,011,011_zoom_ear.jpg,10,train,image_disjoint
ami,011,011_front_ear.jpg,10,val,image_disjoint
ami,012,012_front_ear.jpg,11,test,image_disjoint
ami,012,012_back_ear.jpg,11,train,image_disjoint
ami,012,012_left_ear.jpg,11,train,image_disjoint
ami,012,012_right_ear.jpg,11,train,image_disjoint
ami,012,012_up_ear.jpg,11,train,image_disjoint
ami,012,012_zoom_ear.jpg,11,train,image_disjoint
ami,012,012_down_ear.jpg,11,val,image_disjoint
ami,013,013_down_ear.jpg,12,test,image_disjoint
ami,013,013_back_ear.jpg,12,train,image_disjoint
ami,013,013_front_ear.jpg,12,train,image_disjoint
ami,013,013_left_ear.jpg,12,train,image_disjoint
ami,013,013_up_ear.jpg,12,train,image_disjoint
ami,013,013_zoom_ear.jpg,12,train,image_disjoint
ami,013,013_right_ear.jpg,12,val,image_disjoint
ami,014,014_zoom_ear.jpg,13,test,image_disjoint
ami,014,014_back_ear.jpg,13,train,image_disjoint
ami,014,014_down_ear.jpg,13,train,image_disjoint
ami,014,014_front_ear.jpg,13,train,image_disjoint
ami,014,014_left_ear.jpg,13,train,image_disjoint
ami,014,014_up_ear.jpg,13,train,image_disjoint
ami,014,014_right_ear.jpg,13,val,image_disjoint
ami,018,018_right_ear.jpg,14,test,image_disjoint
ami,018,018_back_ear.jpg,14,train,image_disjoint
ami,018,018_down_ear.jpg,14,train,image_disjoint
ami,018,018_front_ear.jpg,14,train,image_disjoint
ami,018,018_left_ear.jpg,14,train,image_disjoint
ami,018,018_up_ear.jpg,14,train,image_disjoint
ami,018,018_zoom_ear.jpg,14,val,image_disjoint
ami,019,019_down_ear.jpg,15,test,image_disjoint
ami,019,019_back_ear.jpg,15,train,image_disjoint
ami,019,019_front_ear.jpg,15,train,image_disjoint
ami,019,019_left_ear.jpg,15,train,image_disjoint
ami,019,019_right_ear.jpg,15,train,image_disjoint
ami,019,019_up_ear.jpg,15,train,image_disjoint
ami,019,019_zoom_ear.jpg,15,val,image_disjoint
ami,020,020_up_ear.jpg,16,test,image_disjoint
ami,020,020_down_ear.jpg,16,train,image_disjoint
ami,020,020_front_ear.jpg,16,train,image_disjoint
ami,020,020_left_ear.jpg,16,train,image_disjoint
ami,020,020_right_ear.jpg,16,train,image_disjoint
ami,020,020_zoom_ear.jpg,16,train,image_disjoint
ami,020,020_back_ear.jpg,16,val,image_disjoint
ami,021,021_left_ear.jpg,17,test,image_disjoint
ami,021,021_back_ear.jpg,17,train,image_disjoint
ami,021,021_down_ear.jpg,17,train,image_disjoint
ami,021,021_right_ear.jpg,17,train,image_disjoint
ami,021,021_up_ear.jpg,17,train,image_disjoint
ami,021,021_zoom_ear.jpg,17,train,image_disjoint
ami,021,021_front_ear.jpg,17,val,image_disjoint
ami,022,022_left_ear.jpg,18,test,image_disjoint
ami,022,022_back_ear.jpg,18,train,image_disjoint
ami,022,022_down_ear.jpg,18,train,image_disjoint
ami,022,022_front_ear.jpg,18,train,image_disjoint
ami,022,022_right_ear.jpg,18,train,image_disjoint
ami,022,022_zoom_ear.jpg,18,train,image_disjoint
ami,022,022_up_ear.jpg,18,val,image_disjoint
ami,023,023_down_ear.jpg,19,test,image_disjoint
ami,023,023_back_ear.jpg,19,train,image_disjoint
ami,023,023_front_ear.jpg,19,train,image_disjoint
ami,023,023_left_ear.jpg,19,train,image_disjoint
ami,023,023_right_ear.jpg,19,train,image_disjoint
ami,023,023_zoom_ear.jpg,19,train,image_disjoint
ami,023,023_up_ear.jpg,19,val,image_disjoint
ami,024,024_up_ear.jpg,20,test,image_disjoint
ami,024,024_back_ear.jpg,20,train,image_disjoint
ami,024,024_down_ear.jpg,20,train,image_disjoint
ami,024,024_front_ear.jpg,20,train,image_disjoint
ami,024,024_left_ear.jpg,20,train,image_disjoint
ami,024,024_zoom_ear.jpg,20,train,image_disjoint
ami,024,024_right_ear.jpg,20,val,image_disjoint
ami,025,025_front_ear.jpg,21,test,image_disjoint
ami,025,025_back_ear.jpg,21,train,image_disjoint
ami,025,025_down_ear.jpg,21,train,image_disjoint
ami,025,025_left_ear.jpg,21,train,image_disjoint
ami,025,025_up_ear.jpg,21,train,image_disjoint
ami,025,025_zoom_ear.jpg,21,train,image_disjoint
ami,025,025_right_ear.jpg,21,val,image_disjoint
ami,026,026_down_ear.jpg,22,test,image_disjoint
ami,026,026_back_ear.jpg,22,train,image_disjoint
ami,026,026_left_ear.jpg,22,train,image_disjoint
ami,026,026_right_ear.jpg,22,train,image_disjoint
ami,026,026_up_ear.jpg,22,train,image_disjoint
ami,026,026_zoom_ear.jpg,22,train,image_disjoint
ami,026,026_front_ear.jpg,22,val,image_disjoint
ami,027,027_zoom_ear.jpg,23,test,image_disjoint
ami,027,027_back_ear.jpg,23,train,image_disjoint
ami,027,027_down_ear.jpg,23,train,image_disjoint
ami,027,027_front_ear.jpg,23,train,image_disjoint
ami,027,027_right_ear.jpg,23,train,image_disjoint
ami,027,027_up_ear.jpg,23,train,image_disjoint
ami,027,027_left_ear.jpg,23,val,image_disjoint
ami,028,028_back_ear.jpg,24,test,image_disjoint
ami,028,028_down_ear.jpg,24,train,image_disjoint
ami,028,028_front_ear.jpg,24,train,image_disjoint
ami,028,028_left_ear.jpg,24,train,image_disjoint
ami,028,028_right_ear.jpg,24,train,image_disjoint
ami,028,028_zoom_ear.jpg,24,train,image_disjoint
ami,028,028_up_ear.jpg,24,val,image_disjoint
ami,029,029_right_ear.jpg,25,test,image_disjoint
ami,029,029_back_ear.jpg,25,train,image_disjoint
ami,029,029_down_ear.jpg,25,train,image_disjoint
ami,029,029_front_ear.jpg,25,train,image_disjoint
ami,029,029_left_ear.jpg,25,train,image_disjoint
ami,029,029_zoom_ear.jpg,25,train,image_disjoint
ami,029,029_up_ear.jpg,25,val,image_disjoint
ami,030,030_up_ear.jpg,26,test,image_disjoint
ami,030,030_back_ear.jpg,26,train,image_disjoint
ami,030,030_front_ear.jpg,26,train,image_disjoint
ami,030,030_left_ear.jpg,26,train,image_disjoint
ami,030,030_right_ear.jpg,26,train,image_disjoint
ami,030,030_zoom_ear.jpg,26,train,image_disjoint
ami,030,030_down_ear.jpg,26,val,image_disjoint
ami,031,031_down_ear.jpg,27,test,image_disjoint
ami,031,031_back_ear.jpg,27,train,image_disjoint
ami,031,031_front_ear.jpg,27,train,image_disjoint
ami,031,031_left_ear.jpg,27,train,image_disjoint
ami,031,031_right_ear.jpg,27,train,image_disjoint
ami,031,031_zoom_ear.jpg,27,train,image_disjoint
ami,031,031_up_ear.jpg,27,val,image_disjoint
ami,032,032_zoom_ear.jpg,28,test,image_disjoint
ami,032,032_back_ear.jpg,28,train,image_disjoint
ami,032,032_down_ear.jpg,28,train,image_disjoint
ami,032,032_front_ear.jpg,28,train,image_disjoint
ami,032,032_left_ear.jpg,28,train,image_disjoint
ami,032,032_right_ear.jpg,28,train,image_disjoint
ami,032,032_up_ear.jpg,28,val,image_disjoint
ami,033,033_front_ear.jpg,29,test,image_disjoint
ami,033,033_back_ear.jpg,29,train,image_disjoint
ami,033,033_down_ear.jpg,29,train,image_disjoint
ami,033,033_left_ear.jpg,29,train,image_disjoint
ami,033,033_up_ear.jpg,29,train,image_disjoint
ami,033,033_zoom_ear.jpg,29,train,image_disjoint
ami,033,033_right_ear.jpg,29,val,image_disjoint
ami,034,034_back_ear.jpg,30,test,image_disjoint
ami,034,034_down_ear.jpg,30,train,image_disjoint
ami,034,034_front_ear.jpg,30,train,image_disjoint
ami,034,034_left_ear.jpg,30,train,image_disjoint
ami,034,034_right_ear.jpg,30,train,image_disjoint
ami,034,034_zoom_ear.jpg,30,train,image_disjoint
ami,034,034_up_ear.jpg,30,val,image_disjoint
ami,035,035_left_ear.jpg,31,test,image_disjoint
ami,035,035_back_ear.jpg,31,train,image_disjoint
ami,035,035_down_ear.jpg,31,train,image_disjoint
ami,035,035_front_ear.jpg,31,train,image_disjoint
ami,035,035_right_ear.jpg,31,train,image_disjoint
ami,035,035_zoom_ear.jpg,31,train,image_disjoint
ami,035,035_up_ear.jpg,31,val,image_disjoint
ami,036,036_left_ear.jpg,32,test,image_disjoint
ami,036,036_back_ear.jpg,32,train,image_disjoint
ami,036,036_down_ear.jpg,32,train,image_disjoint
ami,036,036_right_ear.jpg,32,train,image_disjoint
ami,036,036_up_ear.jpg,32,train,image_disjoint
ami,036,036_zoom_ear.jpg,32,train,image_disjoint
ami,036,036_front_ear.jpg,32,val,image_disjoint
ami,037,037_front_ear.jpg,33,test,image_disjoint
ami,037,037_back_ear.jpg,33,train,image_disjoint
ami,037,037_down_ear.jpg,33,train,image_disjoint
ami,037,037_left_ear.jpg,33,train,image_disjoint
ami,037,037_right_ear.jpg,33,train,image_disjoint
ami,037,037_zoom_ear.jpg,33,train,image_disjoint
ami,037,037_up_ear.jpg,33,val,image_disjoint
ami,038,038_back_ear.jpg,34,test,image_disjoint
ami,038,038_down_ear.jpg,34,train,image_disjoint
ami,038,038_front_ear.jpg,34,train,image_disjoint
ami,038,038_left_ear.jpg,34,train,image_disjoint
ami,038,038_right_ear.jpg,34,train,image_disjoint
ami,038,038_up_ear.jpg,34,train,image_disjoint
ami,038,038_zoom_ear.jpg,34,val,image_disjoint
ami,039,039_right_ear.jpg,35,test,image_disjoint
ami,039,039_back_ear.jpg,35,train,image_disjoint
ami,039,039_front_ear.jpg,35,train,image_disjoint
ami,039,039_left_ear.jpg,35,train,image_disjoint
ami,039,039_up_ear.jpg,35,train,image_disjoint
ami,039,039_zoom_ear.jpg,35,train,image_disjoint
ami,039,039_down_ear.jpg,35,val,image_disjoint
ami,040,040_up_ear.jpg,36,test,image_disjoint
ami,040,040_back_ear.jpg,36,train,image_disjoint
ami,040,040_down_ear.jpg,36,train,image_disjoint
ami,040,040_left_ear.jpg,36,train,image_disjoint
ami,040,040_right_ear.jpg,36,train,image_disjoint
ami,040,040_zoom_ear.jpg,36,train,image_disjoint
ami,040,040_front_ear.jpg,36,val,image_disjoint
ami,041,041_up_ear.jpg,37,test,image_disjoint
ami,041,041_back_ear.jpg,37,train,image_disjoint
ami,041,041_down_ear.jpg,37,train,image_disjoint
ami,041,041_left_ear.jpg,37,train,image_disjoint
ami,041,041_right_ear.jpg,37,train,image_disjoint
ami,041,041_zoom_ear.jpg,37,train,image_disjoint
ami,041,041_front_ear.jpg,37,val,image_disjoint
ami,042,042_left_ear.jpg,38,test,image_disjoint
ami,042,042_down_ear.jpg,38,train,image_disjoint
ami,042,042_front_ear.jpg,38,train,image_disjoint
ami,042,042_right_ear.jpg,38,train,image_disjoint
ami,042,042_up_ear.jpg,38,train,image_disjoint
ami,042,042_zoom_ear.jpg,38,train,image_disjoint
ami,042,042_back_ear.jpg,38,val,image_disjoint
ami,043,043_right_ear.jpg,39,test,image_disjoint
ami,043,043_back_ear.jpg,39,train,image_disjoint
ami,043,043_front_ear.jpg,39,train,image_disjoint
ami,043,043_left_ear.jpg,39,train,image_disjoint
ami,043,043_up_ear.jpg,39,train,image_disjoint
ami,043,043_zoom_ear.jpg,39,train,image_disjoint
ami,043,043_down_ear.jpg,39,val,image_disjoint
ami,044,044_down_ear.jpg,40,test,image_disjoint
ami,044,044_back_ear.jpg,40,train,image_disjoint
ami,044,044_left_ear.jpg,40,train,image_disjoint
ami,044,044_right_ear.jpg,40,train,image_disjoint
ami,044,044_up_ear.jpg,40,train,image_disjoint
ami,044,044_zoom_ear.jpg,40,train,image_disjoint
ami,044,044_front_ear.jpg,40,val,image_disjoint
ami,045,045_left_ear.jpg,41,test,image_disjoint
ami,045,045_back_ear.jpg,41,train,image_disjoint
ami,045,045_down_ear.jpg,41,train,image_disjoint
ami,045,045_front_ear.jpg,41,train,image_disjoint
ami,045,045_up_ear.jpg,41,train,image_disjoint
ami,045,045_zoom_ear.jpg,41,train,image_disjoint
ami,045,045_right_ear.jpg,41,val,image_disjoint
ami,046,046_up_ear.jpg,42,test,image_disjoint
ami,046,046_down_ear.jpg,42,train,image_disjoint
ami,046,046_front_ear.jpg,42,train,image_disjoint
ami,046,046_left_ear.jpg,42,train,image_disjoint
ami,046,046_right_ear.jpg,42,train,image_disjoint
ami,046,046_zoom_ear.jpg,42,train,image_disjoint
ami,046,046_back_ear.jpg,42,val,image_disjoint
ami,047,047_right_ear.jpg,43,test,image_disjoint
ami,047,047_down_ear.jpg,43,train,image_disjoint
ami,047,047_front_ear.jpg,43,train,image_disjoint
ami,047,047_left_ear.jpg,43,train,image_disjoint
ami,047,047_up_ear.jpg,43,train,image_disjoint
ami,047,047_zoom_ear.jpg,43,train,image_disjoint
ami,047,047_back_ear.jpg,43,val,image_disjoint
ami,048,048_back_ear.jpg,44,test,image_disjoint
ami,048,048_front_ear.jpg,44,train,image_disjoint
ami,048,048_left_ear.jpg,44,train,image_disjoint
ami,048,048_right_ear.jpg,44,train,image_disjoint
ami,048,048_up_ear.jpg,44,train,image_disjoint
ami,048,048_zoom_ear.jpg,44,train,image_disjoint
ami,048,048_down_ear.jpg,44,val,image_disjoint
ami,051,051_back_ear.jpg,45,test,image_disjoint
ami,051,051_front_ear.jpg,45,train,image_disjoint
ami,051,051_left_ear.jpg,45,train,image_disjoint
ami,051,051_right_ear.jpg,45,train,image_disjoint
ami,051,051_up_ear.jpg,45,train,image_disjoint
ami,051,051_zoom_ear.jpg,45,train,image_disjoint
ami,051,051_down_ear.jpg,45,val,image_disjoint
ami,052,052_up_ear.jpg,46,test,image_disjoint
ami,052,052_back_ear.jpg,46,train,image_disjoint
ami,052,052_down_ear.jpg,46,train,image_disjoint
ami,052,052_front_ear.jpg,46,train,image_disjoint
ami,052,052_right_ear.jpg,46,train,image_disjoint
ami,052,052_zoom_ear.jpg,46,train,image_disjoint
ami,052,052_left_ear.jpg,46,val,image_disjoint
ami,053,053_front_ear.jpg,47,test,image_disjoint
ami,053,053_back_ear.jpg,47,train,image_disjoint
ami,053,053_down_ear.jpg,47,train,image_disjoint
ami,053,053_left_ear.jpg,47,train,image_disjoint
ami,053,053_right_ear.jpg,47,train,image_disjoint
ami,053,053_up_ear.jpg,47,train,image_disjoint
ami,053,053_zoom_ear.jpg,47,val,image_disjoint
ami,054,054_zoom_ear.jpg,48,test,image_disjoint
ami,054,054_back_ear.jpg,48,train,image_disjoint
ami,054,054_front_ear.jpg,48,train,image_disjoint
ami,054,054_left_ear.jpg,48,train,image_disjoint
ami,054,054_right_ear.jpg,48,train,image_disjoint
ami,054,054_up_ear.jpg,48,train,image_disjoint
ami,054,054_down_ear.jpg,48,val,image_disjoint
ami,055,055_down_ear.jpg,49,test,image_disjoint
ami,055,055_back_ear.jpg,49,train,image_disjoint
ami,055,055_front_ear.jpg,49,train,image_disjoint
ami,055,055_left_ear.jpg,49,train,image_disjoint
ami,055,055_right_ear.jpg,49,train,image_disjoint
ami,055,055_up_ear.jpg,49,train,image_disjoint
ami,055,055_zoom_ear.jpg,49,val,image_disjoint
ami,056,056_back_ear.jpg,50,test,image_disjoint
ami,056,056_down_ear.jpg,50,train,image_disjoint
ami,056,056_front_ear.jpg,50,train,image_disjoint
ami,056,056_left_ear.jpg,50,train,image_disjoint
ami,056,056_right_ear.jpg,50,train,image_disjoint
ami,056,056_up_ear.jpg,50,train,image_disjoint
ami,056,056_zoom_ear.jpg,50,val,image_disjoint
ami,057,057_right_ear.jpg,51,test,image_disjoint
ami,057,057_back_ear.jpg,51,train,image_disjoint
ami,057,057_down_ear.jpg,51,train,image_disjoint
ami,057,057_front_ear.jpg,51,train,image_disjoint
ami,057,057_up_ear.jpg,51,train,image_disjoint
ami,057,057_zoom_ear.jpg,51,train,image_disjoint
ami,057,057_left_ear.jpg,51,val,image_disjoint
ami,058,058_back_ear.jpg,52,test,image_disjoint
ami,058,058_down_ear.jpg,52,train,image_disjoint
ami,058,058_front_ear.jpg,52,train,image_disjoint
ami,058,058_left_ear.jpg,52,train,image_disjoint
ami,058,058_up_ear.jpg,52,train,image_disjoint
ami,058,058_zoom_ear.jpg,52,train,image_disjoint
ami,058,058_right_ear.jpg,52,val,image_disjoint
ami,059,059_back_ear.jpg,53,test,image_disjoint
ami,059,059_front_ear.jpg,53,train,image_disjoint
ami,059,059_left_ear.jpg,53,train,image_disjoint
ami,059,059_right_ear.jpg,53,train,image_disjoint
ami,059,059_up_ear.jpg,53,train,image_disjoint
ami,059,059_zoom_ear.jpg,53,train,image_disjoint
ami,059,059_down_ear.jpg,53,val,image_disjoint
ami,061,061_zoom_ear.jpg,54,test,image_disjoint
ami,061,061_back_ear.jpg,54,train,image_disjoint
ami,061,061_down_ear.jpg,54,train,image_disjoint
ami,061,061_left_ear.jpg,54,train,image_disjoint
ami,061,061_right_ear.jpg,54,train,image_disjoint
ami,061,061_up_ear.jpg,54,train,image_disjoint
ami,061,061_front_ear.jpg,54,val,image_disjoint
ami,062,062_down_ear.jpg,55,test,image_disjoint
ami,062,062_back_ear.jpg,55,train,image_disjoint
ami,062,062_front_ear.jpg,55,train,image_disjoint
ami,062,062_left_ear.jpg,55,train,image_disjoint
ami,062,062_right_ear.jpg,55,train,image_disjoint
ami,062,062_up_ear.jpg,55,train,image_disjoint
ami,062,062_zoom_ear.jpg,55,val,image_disjoint
ami,063,063_zoom_ear.jpg,56,test,image_disjoint
ami,063,063_back_ear.jpg,56,train,image_disjoint
ami,063,063_down_ear.jpg,56,train,image_disjoint
ami,063,063_front_ear.jpg,56,train,image_disjoint
ami,063,063_left_ear.jpg,56,train,image_disjoint
ami,063,063_right_ear.jpg,56,train,image_disjoint
ami,063,063_up_ear.jpg,56,val,image_disjoint
ami,064,064_up_ear.jpg,57,test,image_disjoint
ami,064,064_back_ear.jpg,57,train,image_disjoint
ami,064,064_down_ear.jpg,57,train,image_disjoint
ami,064,064_front_ear.jpg,57,train,image_disjoint
ami,064,064_left_ear.jpg,57,train,image_disjoint
ami,064,064_zoom_ear.jpg,57,train,image_disjoint
ami,064,064_right_ear.jpg,57,val,image_disjoint
ami,065,065_back_ear.jpg,58,test,image_disjoint
ami,065,065_down_ear.jpg,58,train,image_disjoint
ami,065,065_front_ear.jpg,58,train,image_disjoint
ami,065,065_left_ear.jpg,58,train,image_disjoint
ami,065,065_right_ear.jpg,58,train,image_disjoint
ami,065,065_zoom_ear.jpg,58,train,image_disjoint
ami,065,065_up_ear.jpg,58,val,image_disjoint
ami,066,066_right_ear.jpg,59,test,image_disjoint
ami,066,066_back_ear.jpg,59,train,image_disjoint
ami,066,066_down_ear.jpg,59,train,image_disjoint
ami,066,066_front_ear.jpg,59,train,image_disjoint
ami,066,066_left_ear.jpg,59,train,image_disjoint
ami,066,066_up_ear.jpg,59,train,image_disjoint
ami,066,066_zoom_ear.jpg,59,val,image_disjoint
ami,067,067_back_ear.jpg,60,test,image_disjoint
ami,067,067_down_ear.jpg,60,train,image_disjoint
ami,067,067_front_ear.jpg,60,train,image_disjoint
ami,067,067_left_ear.jpg,60,train,image_disjoint
ami,067,067_right_ear.jpg,60,train,image_disjoint
ami,067,067_zoom_ear.jpg,60,train,image_disjoint
ami,067,067_up_ear.jpg,60,val,image_disjoint
ami,068,068_right_ear.jpg,61,test,image_disjoint
ami,068,068_back_ear.jpg,61,train,image_disjoint
ami,068,068_down_ear.jpg,61,train,image_disjoint
ami,068,068_front_ear.jpg,61,train,image_disjoint
ami,068,068_left_ear.jpg,61,train,image_disjoint
ami,068,068_up_ear.jpg,61,train,image_disjoint
ami,068,068_zoom_ear.jpg,61,val,image_disjoint
ami,069,069_up_ear.jpg,62,test,image_disjoint
ami,069,069_back_ear.jpg,62,train,image_disjoint
ami,069,069_down_ear.jpg,62,train,image_disjoint
ami,069,069_front_ear.jpg,62,train,image_disjoint
ami,069,069_right_ear.jpg,62,train,image_disjoint
ami,069,069_zoom_ear.jpg,62,train,image_disjoint
ami,069,069_left_ear.jpg,62,val,image_disjoint
ami,070,070_front_ear.jpg,63,test,image_disjoint
ami,070,070_back_ear.jpg,63,train,image_disjoint
ami,070,070_left_ear.jpg,63,train,image_disjoint
ami,070,070_right_ear.jpg,63,train,image_disjoint
ami,070,070_up_ear.jpg,63,train,image_disjoint
ami,070,070_zoom_ear.jpg,63,train,image_disjoint
ami,070,070_down_ear.jpg,63,val,image_disjoint
ami,071,071_down_ear.jpg,64,test,image_disjoint
ami,071,071_back_ear.jpg,64,train,image_disjoint
ami,071,071_front_ear.jpg,64,train,image_disjoint
ami,071,071_left_ear.jpg,64,train,image_disjoint
ami,071,071_up_ear.jpg,64,train,image_disjoint
ami,071,071_zoom_ear.jpg,64,train,image_disjoint
ami,071,071_right_ear.jpg,64,val,image_disjoint
ami,072,072_right_ear.jpg,65,test,image_disjoint
ami,072,072_back_ear.jpg,65,train,image_disjoint
ami,072,072_down_ear.jpg,65,train,image_disjoint
ami,072,072_front_ear.jpg,65,train,image_disjoint
ami,072,072_up_ear.jpg,65,train,image_disjoint
ami,072,072_zoom_ear.jpg,65,train,image_disjoint
ami,072,072_left_ear.jpg,65,val,image_disjoint
ami,073,073_left_ear.jpg,66,test,image_disjoint
ami,073,073_back_ear.jpg,66,train,image_disjoint
ami,073,073_down_ear.jpg,66,train,image_disjoint
ami,073,073_front_ear.jpg,66,train,image_disjoint
ami,073,073_up_ear.jpg,66,train,image_disjoint
ami,073,073_zoom_ear.jpg,66,train,image_disjoint
ami,073,073_right_ear.jpg,66,val,image_disjoint
ami,074,074_zoom_ear.jpg,67,test,image_disjoint
ami,074,074_back_ear.jpg,67,train,image_disjoint
ami,074,074_down_ear.jpg,67,train,image_disjoint
ami,074,074_front_ear.jpg,67,train,image_disjoint
ami,074,074_left_ear.jpg,67,train,image_disjoint
ami,074,074_right_ear.jpg,67,train,image_disjoint
ami,074,074_up_ear.jpg,67,val,image_disjoint
ami,075,075_up_ear.jpg,68,test,image_disjoint
ami,075,075_back_ear.jpg,68,train,image_disjoint
ami,075,075_front_ear.jpg,68,train,image_disjoint
ami,075,075_left_ear.jpg,68,train,image_disjoint
ami,075,075_right_ear.jpg,68,train,image_disjoint
ami,075,075_zoom_ear.jpg,68,train,image_disjoint
ami,075,075_down_ear.jpg,68,val,image_disjoint
ami,076,076_right_ear.jpg,69,test,image_disjoint
ami,076,076_back_ear.jpg,69,train,image_disjoint
ami,076,076_down_ear.jpg,69,train,image_disjoint
ami,076,076_left_ear.jpg,69,train,image_disjoint
ami,076,076_up_ear.jpg,69,train,image_disjoint
ami,076,076_zoom_ear.jpg,69,train,image_disjoint
ami,076,076_front_ear.jpg,69,val,image_disjoint
ami,077,077_left_ear.jpg,70,test,image_disjoint
ami,077,077_back_ear.jpg,70,train,image_disjoint
ami,077,077_down_ear.jpg,70,train,image_disjoint
ami,077,077_front_ear.jpg,70,train,image_disjoint
ami,077,077_right_ear.jpg,70,train,image_disjoint
ami,077,077_up_ear.jpg,70,train,image_disjoint
ami,077,077_zoom_ear.jpg,70,val,image_disjoint
ami,078,078_down_ear.jpg,71,test,image_disjoint
ami,078,078_back_ear.jpg,71,train,image_disjoint
ami,078,078_left_ear.jpg,71,train,image_disjoint
ami,078,078_right_ear.jpg,71,train,image_disjoint
ami,078,078_up_ear.jpg,71,train,image_disjoint
ami,078,078_zoom_ear.jpg,71,train,image_disjoint
ami,078,078_front_ear.jpg,71,val,image_disjoint
ami,079,079_right_ear.jpg,72,test,image_disjoint
ami,079,079_back_ear.jpg,72,train,image_disjoint
ami,079,079_down_ear.jpg,72,train,image_disjoint
ami,079,079_front_ear.jpg,72,train,image_disjoint
ami,079,079_left_ear.jpg,72,train,image_disjoint
ami,079,079_zoom_ear.jpg,72,train,image_disjoint
ami,079,079_up_ear.jpg,72,val,image_disjoint
ami,080,080_right_ear.jpg,73,test,image_disjoint
ami,080,080_back_ear.jpg,73,train,image_disjoint
ami,080,080_down_ear.jpg,73,train,image_disjoint
ami,080,080_front_ear.jpg,73,train,image_disjoint
ami,080,080_left_ear.jpg,73,train,image_disjoint
ami,080,080_zoom_ear.jpg,73,train,image_disjoint
ami,080,080_up_ear.jpg,73,val,image_disjoint
ami,081,081_down_ear.jpg,74,test,image_disjoint
ami,081,081_front_ear.jpg,74,train,image_disjoint
ami,081,081_left_ear.jpg,74,train,image_disjoint
ami,081,081_right_ear.jpg,74,train,image_disjoint
ami,081,081_up_ear.jpg,74,train,image_disjoint
ami,081,081_zoom_ear.jpg,74,train,image_disjoint
ami,081,081_back_ear.jpg,74,val,image_disjoint
ami,082,082_zoom_ear.jpg,75,test,image_disjoint
ami,082,082_back_ear.jpg,75,train,image_disjoint
ami,082,082_down_ear.jpg,75,train,image_disjoint
ami,082,082_front_ear.jpg,75,train,image_disjoint
ami,082,082_left_ear.jpg,75,train,image_disjoint
ami,082,082_up_ear.jpg,75,train,image_disjoint
ami,082,082_right_ear.jpg,75,val,image_disjoint
ami,083,083_up_ear.jpg,76,test,image_disjoint
ami,083,083_back_ear.jpg,76,train,image_disjoint
ami,083,083_down_ear.jpg,76,train,image_disjoint
ami,083,083_front_ear.jpg,76,train,image_disjoint
ami,083,083_right_ear.jpg,76,train,image_disjoint
ami,083,083_zoom_ear.jpg,76,train,image_disjoint
ami,083,083_left_ear.jpg,76,val,image_disjoint
ami,084,084_back_ear.jpg,77,test,image_disjoint
ami,084,084_down_ear.jpg,77,train,image_disjoint
ami,084,084_left_ear.jpg,77,train,image_disjoint
ami,084,084_right_ear.jpg,77,train,image_disjoint
ami,084,084_up_ear.jpg,77,train,image_disjoint
ami,084,084_zoom_ear.jpg,77,train,image_disjoint
ami,084,084_front_ear.jpg,77,val,image_disjoint
ami,085,085_up_ear.jpg,78,test,image_disjoint
ami,085,085_back_ear.jpg,78,train,image_disjoint
ami,085,085_down_ear.jpg,78,train,image_disjoint
ami,085,085_left_ear.jpg,78,train,image_disjoint
ami,085,085_right_ear.jpg,78,train,image_disjoint
ami,085,085_zoom_ear.jpg,78,train,image_disjoint
ami,085,085_front_ear.jpg,78,val,image_disjoint
ami,086,086_right_ear.jpg,79,test,image_disjoint
ami,086,086_back_ear.jpg,79,train,image_disjoint
ami,086,086_front_ear.jpg,79,train,image_disjoint
ami,086,086_left_ear.jpg,79,train,image_disjoint
ami,086,086_up_ear.jpg,79,train,image_disjoint
ami,086,086_zoom_ear.jpg,79,train,image_disjoint
ami,086,086_down_ear.jpg,79,val,image_disjoint
ami,087,087_zoom_ear.jpg,80,test,image_disjoint
ami,087,087_back_ear.jpg,80,train,image_disjoint
ami,087,087_down_ear.jpg,80,train,image_disjoint
ami,087,087_front_ear.jpg,80,train,image_disjoint
ami,087,087_left_ear.jpg,80,train,image_disjoint
ami,087,087_right_ear.jpg,80,train,image_disjoint
ami,087,087_up_ear.jpg,80,val,image_disjoint
ami,088,088_right_ear.jpg,81,test,image_disjoint
ami,088,088_back_ear.jpg,81,train,image_disjoint
ami,088,088_front_ear.jpg,81,train,image_disjoint
ami,088,088_left_ear.jpg,81,train,image_disjoint
ami,088,088_up_ear.jpg,81,train,image_disjoint
ami,088,088_zoom_ear.jpg,81,train,image_disjoint
ami,088,088_down_ear.jpg,81,val,image_disjoint
ami,089,089_zoom_ear.jpg,82,test,image_disjoint
ami,089,089_back_ear.jpg,82,train,image_disjoint
ami,089,089_down_ear.jpg,82,train,image_disjoint
ami,089,089_front_ear.jpg,82,train,image_disjoint
ami,089,089_right_ear.jpg,82,train,image_disjoint
ami,089,089_up_ear.jpg,82,train,image_disjoint
ami,089,089_left_ear.jpg,82,val,image_disjoint
ami,090,090_zoom_ear.jpg,83,test,image_disjoint
ami,090,090_back_ear.jpg,83,train,image_disjoint
ami,090,090_down_ear.jpg,83,train,image_disjoint
ami,090,090_front_ear.jpg,83,train,image_disjoint
ami,090,090_right_ear.jpg,83,train,image_disjoint
ami,090,090_up_ear.jpg,83,train,image_disjoint
ami,090,090_left_ear.jpg,83,val,image_disjoint
ami,091,091_back_ear.jpg,84,test,image_disjoint
ami,091,091_down_ear.jpg,84,train,image_disjoint
ami,091,091_front_ear.jpg,84,train,image_disjoint
ami,091,091_left_ear.jpg,84,train,image_disjoint
ami,091,091_right_ear.jpg,84,train,image_disjoint
ami,091,091_up_ear.jpg,84,train,image_disjoint
ami,091,091_zoom_ear.jpg,84,val,image_disjoint
ami,092,092_front_ear.jpg,85,test,image_disjoint
ami,092,092_back_ear.jpg,85,train,image_disjoint
ami,092,092_down_ear.jpg,85,train,image_disjoint
ami,092,092_right_ear.jpg,85,train,image_disjoint
ami,092,092_up_ear.jpg,85,train,image_disjoint
ami,092,092_zoom_ear.jpg,85,train,image_disjoint
ami,092,092_left_ear.jpg,85,val,image_disjoint
ami,093,093_up_ear.jpg,86,test,image_disjoint
ami,093,093_back_ear.jpg,86,train,image_disjoint
ami,093,093_down_ear.jpg,86,train,image_disjoint
ami,093,093_front_ear.jpg,86,train,image_disjoint
ami,093,093_left_ear.jpg,86,train,image_disjoint
ami,093,093_right_ear.jpg,86,train,image_disjoint
ami,093,093_zoom_ear.jpg,86,val,image_disjoint
ami,094,094_front_ear.jpg,87,test,image_disjoint
ami,094,094_back_ear.jpg,87,train,image_disjoint
ami,094,094_down_ear.jpg,87,train,image_disjoint
ami,094,094_right_ear.jpg,87,train,image_disjoint
ami,094,094_up_ear.jpg,87,train,image_disjoint
ami,094,094_zoom_ear.jpg,87,train,image_disjoint
ami,094,094_left_ear.jpg,87,val,image_disjoint
ami,095,095_left_ear.jpg,88,test,image_disjoint
ami,095,095_back_ear.jpg,88,train,image_disjoint
ami,095,095_down_ear.jpg,88,train,image_disjoint
ami,095,095_front_ear.jpg,88,train,image_disjoint
ami,095,095_right_ear.jpg,88,train,image_disjoint
ami,095,095_zoom_ear.jpg,88,train,image_disjoint
ami,095,095_up_ear.jpg,88,val,image_disjoint
ami,096,096_front_ear.jpg,89,test,image_disjoint
ami,096,096_down_ear.jpg,89,train,image_disjoint
ami,096,096_left_ear.jpg,89,train,image_disjoint
ami,096,096_right_ear.jpg,89,train,image_disjoint
ami,096,096_up_ear.jpg,89,train,image_disjoint
ami,096,096_zoom_ear.jpg,89,train,image_disjoint
ami,096,096_back_ear.jpg,89,val,image_disjoint
ami,097,097_up_ear.jpg,90,test,image_disjoint
ami,097,097_back_ear.jpg,90,train,image_disjoint
ami,097,097_down_ear.jpg,90,train,image_disjoint
ami,097,097_front_ear.jpg,90,train,image_disjoint
ami,097,097_left_ear.jpg,90,train,image_disjoint
ami,097,097_zoom_ear.jpg,90,train,image_disjoint
ami,097,097_right_ear.jpg,90,val,image_disjoint
ami,098,098_right_ear.jpg,91,test,image_disjoint
ami,098,098_back_ear.jpg,91,train,image_disjoint
ami,098,098_down_ear.jpg,91,train,image_disjoint
ami,098,098_front_ear.jpg,91,train,image_disjoint
ami,098,098_up_ear.jpg,91,train,image_disjoint
ami,098,098_zoom_ear.jpg,91,train,image_disjoint
ami,098,098_left_ear.jpg,91,val,image_disjoint
ami,099,099_front_ear.jpg,92,test,image_disjoint
ami,099,099_down_ear.jpg,92,train,image_disjoint
ami,099,099_left_ear.jpg,92,train,image_disjoint
ami,099,099_right_ear.jpg,92,train,image_disjoint
ami,099,099_up_ear.jpg,92,train,image_disjoint
ami,099,099_zoom_ear.jpg,92,train,image_disjoint
ami,099,099_back_ear.jpg,92,val,image_disjoint
ami,100,100_back_ear.jpg,93,test,image_disjoint
ami,100,100_down_ear.jpg,93,train,image_disjoint
ami,100,100_left_ear.jpg,93,train,image_disjoint
ami,100,100_right_ear.jpg,93,train,image_disjoint
ami,100,100_up_ear.jpg,93,train,image_disjoint
ami,100,100_zoom_ear.jpg,93,train,image_disjoint
ami,100,100_front_ear.jpg,93,val,image_disjoint
ami,101,101_zoom_ear.jpg,94,test,image_disjoint
ami,101,101_back_ear.jpg,94,train,image_disjoint
ami,101,101_front_ear.jpg,94,train,image_disjoint
ami,101,101_left_ear.jpg,94,train,image_disjoint
ami,101,101_right_ear.jpg,94,train,image_disjoint
ami,101,101_up_ear.jpg,94,train,image_disjoint
ami,101,101_down_ear.jpg,94,val,image_disjoint
ami,102,102_front_ear.jpg,95,test,image_disjoint
ami,102,102_back_ear.jpg,95,train,image_disjoint
ami,102,102_down_ear.jpg,95,train,image_disjoint
ami,102,102_left_ear.jpg,95,train,image_disjoint
ami,102,102_right_ear.jpg,95,train,image_disjoint
ami,102,102_up_ear.jpg,95,train,image_disjoint
ami,102,102_zoom_ear.jpg,95,val,image_disjoint
ami,103,103_right_ear.jpg,96,test,image_disjoint
ami,103,103_back_ear.jpg,96,train,image_disjoint
ami,103,103_down_ear.jpg,96,train,image_disjoint
ami,103,103_front_ear.jpg,96,train,image_disjoint
ami,103,103_left_ear.jpg,96,train,image_disjoint
ami,103,103_zoom_ear.jpg,96,train,image_disjoint
ami,103,103_up_ear.jpg,96,val,image_disjoint
ami,104,104_front_ear.jpg,97,test,image_disjoint
ami,104,104_down_ear.jpg,97,train,image_disjoint
ami,104,104_left_ear.jpg,97,train,image_disjoint
ami,104,104_right_ear.jpg,97,train,image_disjoint
ami,104,104_up_ear.jpg,97,train,image_disjoint
ami,104,104_zoom_ear.jpg,97,train,image_disjoint
ami,104,104_back_ear.jpg,97,val,image_disjoint
ami,105,105_front_ear.jpg,98,test,image_disjoint
ami,105,105_back_ear.jpg,98,train,image_disjoint
ami,105,105_down_ear.jpg,98,train,image_disjoint
ami,105,105_left_ear.jpg,98,train,image_disjoint
ami,105,105_right_ear.jpg,98,train,image_disjoint
ami,105,105_up_ear.jpg,98,train,image_disjoint
ami,105,105_zoom_ear.jpg,98,val,image_disjoint
ami,106,106_zoom_ear.jpg,99,test,image_disjoint
ami,106,106_back_ear.jpg,99,train,image_disjoint
ami,106,106_down_ear.jpg,99,train,image_disjoint
ami,106,106_front_ear.jpg,99,train,image_disjoint
ami,106,106_left_ear.jpg,99,train,image_disjoint
ami,106,106_right_ear.jpg,99,train,image_disjoint
ami,106,106_up_ear.jpg,99,val,image_disjoint
